﻿OUTPUTS,MV_SWFreeness,MV_HWFreeness,MV_OCCFreeness,MV_SWPct,MV_HWPct,MV_OCCPct,MV_HeadboxPressure,MV_SliceOpening,MV_MachineSpeed,QCS_BoneDryWeight,QCS_BasisWeight,QCS_Moisture,QCS_Caliper,PulpEye_BlendFreeness,PulpEye_BlendCrill
DESCRIPTION,AREA_THICKSTOCK,AREA_THICKSTOCK,AREA_THICKSTOCK,AREA_THICKSTOCK,AREA_THICKSTOCK,AREA_THICKSTOCK,AREA_HEADBOX,AREA_HEADBOX,AREA_HEADBOX,AREA_REEL,AREA_REEL,AREA_REEL,AREA_REEL,AREA_THINSTOCK,AREA_THINSTOCK
DEADTIME_REEL (min),20,20,20,20,20,20,0.5,0.5,0.5,0,0,0,0,15,15
LAG1_REEL (min),15,15,15,15,15,15,1,1,1,0,0,0,0,5,5
LAG2_REEL (min),5,5,5,5,5,5,0.5,0.5,0.5,0,0,0,0,5,5
NOISE,2,1,1,0,0,0,0.25,0.1,1,0.3,0.3,0.1,0.2,0,0
MAX,1000,1000,1000,100,100,100,60,10,1500,50,50,10,10,1000,300
MIN,300,300,300,0,0,0,20,5,500,5,5,5,5,300,50
